Asex,10701
Asex,10539
Asex,8610
Asex,9542
Asex,5113
Asex,11806
Asex,12548
Asex,9417
Asex,9144
Asex,24093
Asex,9725
Asex,8910
Asex,6718
Asex,8788
Asex,7522
Asex,11294
Asex,7460
Asex,13832
Asex,13025
Asex,9389
Asex,7788
Asex,13609
Asex,12397
Asex,12235
Asex,10860
Asex,12292
Asex,9390
Asex,18002
Asex,8079
Asex,7790
Asex,5773
Asex,7821
Asex,12175
Asex,8541
Asex,14885
Asex,8385
Asex,21125
Asex,7624
Asex,8662
Asex,7744
Asex,9213
Asex,11813
Asex,13559
Asex,7527
Asex,12436
Asex,10527
Asex,13688
Asex,7653
Asex,11114
Asex,18634
Asex,9920
Asex,18837
Asex,22735
Asex,8062
Asex,6191
Asex,6979
Asex,14405
Asex,10956
Asex,10090
Asex,13055
Asex,6370
Asex,9615
Asex,8185
Asex,14216
Asex,10337
Asex,9333
Asex,10947
Asex,9019
Asex,11444
Asex,9825
Asex,13405
Asex,13164
Asex,10449
Asex,9559
Asex,8023
Asex,6574
Asex,6898
Asex,11296
Asex,6367
Asex,9823
Asex,21346
Asex,8459
Asex,12549
Asex,16613
Asex,19870
Asex,12722
Asex,16186
Asex,13172
Asex,10756
Asex,12416
Asex,9012
Asex,7096
Asex,14034
Asex,11988
Asex,8327
Asex,10455
Asex,10562
Asex,11653
Asex,9444
Asex,7626