Herm,17605
Herm,24967
Herm,5918
Herm,12497
Herm,4207
Herm,13473
Herm,11829
Herm,18235
Herm,8820
Herm,7503
Herm,8528
Herm,8592
Herm,8904
Herm,7823
Herm,8574
Herm,5676
Herm,6142
Herm,5715
Herm,8180
Herm,14528
Herm,7277
Herm,3580
Herm,5384
Herm,11662
Herm,6036
Herm,13727
Herm,12211
Herm,11798
Herm,12279
Herm,15563
Herm,6289
Herm,7033
Herm,12393
Herm,5572
Herm,6984
Herm,6964
Herm,8563
Herm,6686
Herm,12166
Herm,8588
Herm,5097
Herm,3593
Herm,6579
Herm,10942
Herm,6988
Herm,8452
Herm,5135
Herm,8690
Herm,13532
Herm,15068
Herm,6857
Herm,4376
Herm,9080
Herm,20668
Herm,7000
Herm,4631
Herm,7700
Herm,12277
Herm,12778
Herm,2736
Herm,7366
Herm,6699
Herm,4444
Herm,8833
Herm,7112
Herm,6596
Herm,10196
Herm,4456
Herm,12117
Herm,8950
Herm,4768
Herm,9383
Herm,10814
Herm,8242
Herm,5530
Herm,5089
Herm,8208
Herm,14116
Herm,13106
Herm,6633
Herm,10010
Herm,20901
Herm,5874
Herm,10594
Herm,24980
Herm,6394
Herm,16107
Herm,6502
Herm,5224
Herm,7474
Herm,3680
Herm,5798
Herm,11992
Herm,7731
Herm,9046
Herm,18631
Herm,8596
Herm,8487
Herm,7883
Herm,11172